run_id,git_hash,data_hash,split,config,metrics,hypothesis,predicted_outcome,actual_outcome
20260930-0006-R1-ladder,c060258-dirty,949100c68b02,LODO(5 days) onset population,K=5 L=10 bucket=60s,results/demo/metrics.json,Forecasting skill rises LR < LightGBM(current) < LightGBM(+lags) on onset PR-AUC (pooled LODO).,lag > cur > lr on PR-AUC; modest gains because onsets are few.,REFUTED: PR-AUC lr=0.119 cur=0.120 lag=0.117 (prevalence 0.045)
20260930-0006-R2-world,c060258-dirty,949100c68b02,LODO(5 days) onset population,K=5 L=10 bucket=60s,results/demo/metrics.json,A GRU dynamics model rolled K steps and read by a GBDT head beats LightGBM(+lags).,No win: within the bootstrap CI of lag. Data is too small for dynamics learning to add signal.,CONFIRMED: world PR-AUC=0.104 vs lag=0.117 (lag 90% CI 0.031-0.206)
20260930-0006-R3-shuffle,c060258-dirty,949100c68b02,LODO(5 days) onset population,K=5 L=10 bucket=60s,results/demo/metrics.json,Shuffling history order hurts models that use dynamics.,lag loses <10% relative PR-AUC (its signal is the current bucket); world loses a similar small amount.,"CONFIRMED: relative PR-AUC change under shuffled history: lag +2.1%, world +15.7% (negative = worse). Shuffling does NOT hurt: no evidence either model uses temporal order (signal is the current bucket)."
20260930-0006-R4-stage,c060258-dirty,949100c68b02,LODO(5 days) onset population,K=5 L=10 bucket=60s,results/demo/metrics.json,Stage of the forecast attack is predictable across days.,Fails under leave-one-day-out: each day's stage is unseen in the other days (accuracy <= majority).,CONFIRMED: stage accuracy 0.00 vs majority 0.50 over 714 onset buckets
20260930-0006-R5-blocked,c060258-dirty,949100c68b02,LODO(5 days) onset population,K=5 L=10 bucket=60s,results/demo/metrics.json,"SECONDARY split: when attack types are shared between train and test (first 60% of each host-day trains, last 40% tests, gap >= K+L), forecasting and stage forecasting are much stronger than leave-one-day-out.",lag PR-AUC >= 1.5x its LODO value and stage accuracy above the majority baseline.,CONFIRMED: blocked lag PR-AUC=0.234 (prevalence 0.058) vs LODO 0.117; blocked stage accuracy 0.63 vs majority 0.58
20260930-0129-Z1-recognize,c060258-dirty,981d09c8457b,"leave-one-attack-week-out (replay), K=5 min",WIN=150 bucket=60s,results/z24/metrics.json,Technique can be recognised from one host-minute's behaviour in a held-out week of the same campaign.,"High for the bursty techniques (Brute Force, Active Scanning: PR-AUC >= 0.9); clearly lower (< 0.7) for at least one of the low-volume ones (Exploit, Valid Accounts, Exfil).","PREDICTION REFUTED: PR-AUC Active Scanning 1.00, Exploit Public-Facing App 1.00, Valid Accounts 1.00, Brute Force 1.00, Exfil Over Alt. Protocol 0.85"
20260930-0129-Z2-ladder,c060258-dirty,981d09c8457b,"leave-one-attack-week-out (replay), K=5 min",WIN=150 bucket=60s,results/z24/metrics.json,Recent technique history predicts the next burst: history models (own/all-technique) and the renewal hazard beat the state-only model.,sched >= 1.5x state (macro PR-AUC); renewal within 10% of sched (the schedule is a renewal process).,"PREDICTION REFUTED: macro PR-AUC state 0.060, renewal 0.189, own 0.206, sched 0.221 (base rate 0.067)"
20260930-0129-Z3-world,c060258-dirty,981d09c8457b,"leave-one-attack-week-out (replay), K=5 min",WIN=150 bucket=60s,results/z24/metrics.json,The GRU world model (dynamics rolled K steps + GBDT head) beats the schedule-feature GBDT.,No win: world <= 1.05x sched. Nothing beyond time-since-last-burst is learnable from these logs.,PREDICTION CONFIRMED: world 0.212 vs sched 0.221
20260930-0129-Z4-shuffle,c060258-dirty,981d09c8457b,"leave-one-attack-week-out (replay), K=5 min",WIN=150 bucket=60s,results/z24/metrics.json,Shuffling the order of the 150-minute history hurts the history models.,sched loses >= 15% relative macro PR-AUC (recency is the signal).,PREDICTION CONFIRMED: sched 0.221 -> shuffled 0.159 (-28%); world 0.212 -> shuffled 0.158 (-26%)
20260930-0129-Z5-clock,c060258-dirty,981d09c8457b,"leave-one-attack-week-out (replay), K=5 min",WIN=150 bucket=60s,results/z24/metrics.json,"ABLATION (breaks the no-timestamp rule, not shipped): adding minute-of-hour shows how much of the future is a fixed schedule.","clock >= 2x sched: bursts fire once per clock hour at a random minute, so the wall clock is far more informative than history.",PREDICTION REFUTED: clock-aware 0.275 vs sched 0.221 (1.2x)
20260930-0129-Z6-progression,c060258-dirty,981d09c8457b,"leave-one-attack-week-out (replay), K=5 min",WIN=150 bucket=60s,results/z24/metrics.json,Other techniques' history helps forecast a technique (kill-chain progression exists).,No: own-technique history within 3% of all-technique history (techniques run as independent schedules).,PREDICTION REFUTED: own 0.206 vs all-technique 0.221 (0.94x)
20260930-0142-ZS1-volumetric,c060258-dirty,b94ebb34ef0d,leave-one-corpus-out (zero-shot across labs),"22 common features, 60s buckets",results/zero_shot/metrics.json,"A detector trained on three other labs' corpora ranks unseen volumetric families (CIC-2017 DDoS, port scan) above benign host-minutes.","ROC-AUC >= 0.9 for both, but no better than the flow-volume heuristic (gbdt - volume <= 0.05): volume is the whole signal.",PREDICTION REFUTED: DDoS gbdt 0.88 vs volume 1.00; port scan gbdt 0.93 vs volume 0.84
20260930-0142-ZS2-stealthy,c060258-dirty,b94ebb34ef0d,leave-one-corpus-out (zero-shot across labs),"22 common features, 60s buckets",results/zero_shot/metrics.json,"The same detector transfers to low-volume or stealthy families (Heartbleed, CTU-13 botnet spam/C&C).",No: ROC-AUC < 0.7 on Heartbleed and < 0.75 on the botnet.,"PREDICTION CONFIRMED: Heartbleed 0.57 (n=11), botnet 0.34 (n=71)"
20260930-0142-ZS3-anomaly,c060258-dirty,b94ebb34ef0d,leave-one-corpus-out (zero-shot across labs),"22 common features, 60s buckets",results/zero_shot/metrics.json,A benign-only anomaly detector (IsolationForest) transfers better than the supervised detector.,No: its mean ROC-AUC over held-out families is <= the supervised detector's.,"PREDICTION REFUTED: mean ROC-AUC over 13 families: IsolationForest 0.79, supervised 0.55, volume heuristic 0.65"
20260930-0142-ZS5-surprise,c060258-dirty,b94ebb34ef0d,leave-one-corpus-out (zero-shot across labs),"22 common features, 60s buckets",results/zero_shot/metrics.json,"World-model surprise (GRU next-minute prediction error, trained on benign minutes of the other corpora, no attack labels) transfers as well as IsolationForest.",Not better: mean ROC-AUC over held-out families <= IsolationForest + 0.03.,PREDICTION CONFIRMED: mean ROC-AUC: surprise 0.71 vs IsolationForest 0.79
20260930-0142-ZS4-reverse,c060258-dirty,b94ebb34ef0d,leave-one-corpus-out (zero-shot across labs),"22 common features, 60s buckets",results/zero_shot/metrics.json,Detectors trained on the other corpora transfer to DAPT2020's pentest stages.,Mostly no: ROC-AUC <= 0.7 for at least 3 of the 4 DAPT stages.,"PREDICTION CONFIRMED: DAPT stages ROC-AUC Reconnaissance 0.75, Initial Access (foothold) 0.42, Lateral Movement 0.44, Exfiltration 0.46"
